minAcc, maxAcc, minKappa, maxKappa
0, 8.07422, -4.4533e-05, 0.00448666
0.879164, 8.91655, -0.0924372, 0.00718181
0.842508, 8.78388, -0.0931942, 0.0071277
0.699502, 8.5819, -0.0735183, 0.00669732
0.529472, 8.00368, -0.033464, 0.00658114
0.365493, 7.56798, -0.0127902, 0.00657089
0.213222, 7.52147, -0.00339887, 0.00637339
0.0874439, 7.36519, 0.000728675, 0.00633679
-0.0145616, 6.98781, 0.00278346, 0.00644982
0.0954197, 6.5208, 0.00353822, 0.00652619
0.363409, 5.90454, 0.00358361, 0.0064693
0.385507, 5.45381, 0.00357058, 0.00644236
0.340113, 4.89285, 0.00352087, 0.00653304
-0.135554, 4.44582, 0.00362305, 0.0065103
-0.140788, 3.05408, 0.00353995, 0.00659029
-0.0688038, 2.31529, 0.00359599, 0.00673039
-0.0853158, 1.71855, 0.00359516, 0.00681449
-0.024599, 1.10876, 0.00351204, 0.00700882
-0.0586249, 0.739473, 0.00355348, 0.00713903
-0.0757191, 0.727592, 0.00350403, 0.00720503
-0.100852, 0.703792, 0.00365452, 0.00930565
0.364008, 0.687583, 0.00539899, 0.00915449
0.366824, 0.533244, 0.00688564, 0.00898192
0.318947, 0.509091, 0.00764309, 0.00870614
0.328432, 0.435654, 0.00808498, 0.00847146
0.339093, 0.440702, 0.00826453, 0.00838154
0.415711, 0.461419, 0.00835254, 0.00836804
-3.87954, 0.460915, 0.00602709, 0.00870533
-3.81438, 2.16535, 0.00647042, 0.00833887
-1.25265, 1.36736, 0.00161074, 0.00601516
-1.05548, 1.26745, -0.00424203, 0.00357286
-1.05096, 1.19361, -0.00439753, 0.00179671
-0.0186678, 0.931909, -0.00235652, -6.41526e-05
-0.899989, 0.606393, -0.0047202, -0.00177793
-0.986541, 0.51826, -0.00451297, -0.00305222
0.392473, 0.46309, -0.00431529, -0.00284138
0.40303, 0.491443, -0.00323205, -0.0027383
-1.34656, 0.593267, -0.00204201, 0.00179356
-1.02579, 0.855019, -0.00630673, 0.00252336
-0.9866, 0.897286, -0.00493227, 0.00244265
-1.20762, 1.09375, -0.00435361, 0.00254006
-0.683639, -0.0836027, -0.0018572, 0.00262026
-0.0853177, 0.326936, -0.00056587, 0.000338632
-1.20062, -1.19923, -0.00261301, -0.00166579
-1.21014, -1.20558, -0.00495202, -0.0039659
-1.21677, 0.505474, -0.00925794, -0.00139027
-1.21112, 0.505387, -0.00944173, -0.00135685
0.0198947, 0.505072, -0.0089626, -0.00133064
0.0199016, 0.498441, -0.00783821, -0.00129842
0.0199018, 0.486853, -0.00675991, -0.00126528
0.0198611, 0.472814, -0.00564921, -0.00122834
0.0198578, 0.461535, -0.00467459, -0.00119334
0.0198054, 0.328081, -0.00406346, -0.00101636
0.0198119, 0.328123, -0.00341262, -0.000962406
0.0198219, 0.32816, -0.00276579, -0.000908954
0.0197956, 0.328095, -0.00212466, -0.000856106
0.0198116, 0.328139, -0.00148979, -0.000803827
0.0198371, 0.162099, -0.00137342, -0.000829142
0.019847, 0.162098, -0.00134017, -0.000777597
0.0198396, 0.162097, -0.00130987, -0.000751939
0.0198334, 0.162097, -0.00127945, -0.000726342
0.0198226, 0.162097, -0.00124592, -0.00080369
0.0198429, 0.162096, -0.00121478, -0.000906755
0.0198329, 0.162096, -0.00118029, -0.000855246
0.162093, 0.162096, -0.000958277, -0.000829482
-1.07556, 0.162077, -0.00064932, 0.000170911
-0.405367, 0.223052, -0.00158547, 0.000170175
-0.304031, 0.220604, -0.00169877, 0.000171925
-0.30493, 0.219104, -0.00175567, 0.000171365
-0.307142, 0.214685, -0.0018696, 0.000164885
-0.294253, 0.241288, -0.00141448, 0.000158711
-0.299131, 0.233388, -0.00152608, 0.000156325
-0.353754, 0.229006, -0.00192678, 0.000150264
-0.110023, 0.224899, -0.000563979, 0.000144669
-0.205895, -0.0232172, -0.000676552, -0.000395356
-0.352837, -0.352517, -0.00129951, -0.00101564
-0.353755, -0.353315, -0.00192843, -0.00164179
-0.355059, 0.349697, -0.00349768, -0.00108837
-0.355035, 0.349687, -0.00353744, -0.00097636
0.348509, 0.349691, -0.00342227, -0.00114445
0.34881, 0.349695, -0.00273282, -0.00131296
0.348683, 0.34953, -0.00204795, -0.00120057
0.348556, 0.348873, -0.00136922, -0.00108837
-1.25111, 0.34814, -0.00287232, -0.000697123
-0.747994, 0.394132, -0.0029144, -0.00156243
-0.254876, 0.454381, -0.00276963, -0.00131468
-0.421035, 0.234016, -0.00253082, -0.00137566
-0.167884, 0.233091, -0.00224411, -0.00170635
-0.170021, 0.228706, -0.0021579, -0.00189893
-0.170683, 0.0256982, -0.002131, -0.00205305
-0.463789, -0.441149, -0.00235151, -0.0022838
-0.513882, -0.491127, -0.00254336, -0.00245344
-0.600284, 0.617768, -0.00312177, 0.000310985
-0.606444, 0.608465, -0.00318826, 8.50373e-05
-3.14811, 0.507598, -0.00243052, -0.00137203
-3.00713, 0.673067, -0.00175935, -4.49726e-07
-0.297023, 0.697005, -0.000356079, 0.00310091
-0.293771, 0.719572, 0.000541852, 0.00300433
-0.286523, 0.741992, 0.00128043, 0.00303683
-0.313716, 0.791554, 0.00201488, 0.00304711
-0.256514, 0.792474, 0.0023383, 0.00296231
-0.164064, -0.115871, 0.00266814, 0.00287555
-0.313511, -0.311244, 0.00219658, 0.00240877
-0.31785, -0.316432, 0.00164319, 0.00185779
-0.320093, -0.319214, 0.00117307, 0.00138721
-0.321442, -0.321, 0.00066405, 0.000875971
-0.321932, -0.321784, 0.000203487, 0.000412231
-0.190299, -0.190215, -0.000193179, -5.59297e-05
-0.19006, -0.189955, -0.000539107, -0.000407841
-0.189868, 0.312015, -0.001776, 0.000745653
-0.189645, 0.312022, -0.00177501, 0.00074387
-0.189439, 0.312046, -0.00180452, 0.000737403
-0.189171, 0.312034, -0.00177208, 0.000739754
-0.188834, 0.311991, -0.00176047, 0.000710924
-0.140417, 0.311965, -0.00167801, 0.000701207
-0.140437, 0.311482, -0.00130177, 0.000737784
-0.140437, 0.310912, -0.000953115, 0.000724938
-0.14043, 0.310319, -0.000570487, 0.000704152
-0.14045, 0.309864, -0.00018679, 0.000741567
-0.140445, 0.309607, 0.000164918, 0.000728692
0.309479, 0.309494, 0.000515816, 0.000674968
-0.14043, -0.140404, 0.000619106, 0.000687826
-0.140373, -0.140353, 0.000453758, 0.000522651
-0.140335, -0.140324, 0.000301653, 0.000370839
-0.140413, 0.252755, -0.000501534, 0.00123706
-0.14041, 0.252753, -0.000519864, 0.00129103
-0.140412, 0.252753, -0.000501351, 0.00135706
-0.140417, 0.252754, -0.000530027, 0.00142919
-0.140419, 0.252754, -0.000544405, 0.00149539
-0.489511, 0.252754, -0.000493434, 0.00153762
-0.489532, 0.252754, -0.000204506, 0.00153488
-0.489562, 0.252754, 0.000108311, 0.0015259
0.0602852, 0.252753, 0.000392952, 0.00153202
-0.489414, 0.252737, 0.000701261, 0.00153522
-0.489446, 0.252646, 0.000981885, 0.00152004
0.060305, 0.0609189, 0.00116648, 0.00149973
0.0604284, 0.0609568, 0.00122697, 0.00153007
0.0605751, 0.0608485, 0.00129963, 0.00145119
0.0607031, 0.0608579, 0.00136629, 0.00145726
0.0608195, 0.0608671, 0.00143299, 0.00146333
0.0609269, 0.0609638, 0.0015058, 0.00153613
-0.489537, -0.489485, 0.00104376, 0.00128914
-0.489547, -0.489537, 0.00044994, 0.000698207
-0.489533, -0.489529, -0.000100519, 0.000150423
-0.489588, 0.654009, -0.00173613, 0.0013301
-0.489587, 0.654058, -0.00178806, 0.00139541
-0.489402, 0.654151, -0.00183561, 0.0015258
0.653277, 0.654354, -0.00142034, 0.00191503
0.65328, 0.653808, -0.000599944, 0.00106804
0.653306, 0.653858, 0.000140554, 0.00113368
0.65371, 0.653959, 0.00093653, 0.00126471
-2.45693, 0.654271, 0.000786826, 0.00236366
-2.09499, 0.522471, 0.00154629, 0.00238947
0.248555, 0.578186, 0.00148921, 0.00177354
-0.575013, -0.574854, 0.000797421, 0.00108688
-0.574634, -0.574505, 9.62098e-05, 0.000389508
-0.574394, -0.574334, -0.000554859, -0.000257915
-0.574266, -0.574199, -0.00133491, -0.00103351
-0.208882, -0.208742, -0.0015906, -0.00148026
-0.209203, -0.209076, -0.00185668, -0.0017456
-0.209453, 1.20685, -0.00288645, 0.001499
-0.209454, 1.20712, -0.00282235, 0.00161909
-1.49229, 0.799805, -0.00286725, 0.00446427
-0.466036, 1.34573, -0.00288854, 0.00149018
-1.64721, 1.24791, -0.00185533, 0.0044455
-1.59853, 0.637437, -0.000345492, 0.00430954
-0.825569, 1.18514, -0.00256037, 0.00433134
-1.65233, 0.68478, 0.00217197, 0.00442504
-1.00613, 0.903591, 0.00155805, 0.00443461
-0.22827, 0.625794, 0.00195803, 0.00434325
-0.416694, 0.64389, 0.00175984, 0.00322316
-0.665535, -0.118766, 0.00156026, 0.00205756
-1.0047, -1.00406, 0.000346118, 0.000855384
-1.00608, 0.50373, -0.00249463, 0.00097327
-1.00638, 0.503728, -0.00260351, 0.000973661
-0.00135496, 0.503726, -0.00254872, 0.0009734
-0.232069, 0.50373, -0.00195612, 0.00097327
-0.63222, 0.503708, -0.00131635, 0.000973694
-0.679426, 0.262037, -0.0006321, 0.000973312
-0.865004, 0.0554146, -1.04482e-05, 0.000973698
-0.839166, -0.181898, 0.000600313, 0.000973443
-0.827812, -0.100962, 0.000966286, 0.000973315
-0.752523, -0.00121364, 0.000966934, 0.000972039
-0.72263, -0.175605, 0.000967446, 0.000970636
-0.568809, -0.175604, 0.000967446, 0.000969361
-0.269843, 1.45264, 0.00035963, 0.00096783
-0.59713, 0.860605, 4.11735e-05, 0.000966546
-1.05651, 0.247705, 0.00069653, 0.000965117
-1.04149, 0.985035, -0.000876807, 0.000763652
-0.583156, 0.928665, -0.000886744, 0.00121933
-0.30372, 0.737703, 0.000115719, 0.000227744
-0.209851, 0.634286, -0.000906914, 0.00243154
-0.209435, 0.93555, -0.00090422, 0.0012875
-0.0594518, 0.623185, -0.000851471, 0.00389686
-0.0695232, 0.629551, -0.000888736, 0.00467103
0.156222, 0.632142, -0.000718042, 0.00549777
-0.92097, 0.609465, -0.000398699, 0.00577702
-0.938473, 0.597429, -8.12148e-05, 0.00575312
-0.943163, 0.593667, 0.000260667, 0.00577259
-0.943252, 0.594541, 0.000573117, 0.00575368
-0.945799, 0.592122, 0.000883339, 0.00585654
-0.940806, 0.594908, 0.00155391, 0.0057548
-0.938342, 0.593217, 0.0024121, 0.00577338
-0.919782, 0.602354, 0.00319687, 0.00575332
-1.69614, 0.550588, 0.00397387, 0.00584245
-2.16478, -1.10045, 0.00474066, 0.00565982
-1.92436, -0.544706, 0.00548103, 0.00577872
-0.807435, -0.805634, 0.00492668, 0.005341
-0.807948, -0.80726, 0.00391598, 0.00433965
-0.805669, -0.803964, 0.00297274, 0.0034033
-1.56589, 0.0275996, -0.000748019, 0.00430362
-1.45738, -0.161443, -0.000810748, 0.00435336
-1.50932, -0.059156, -0.000748426, 0.00431914
-0.483901, 0.416149, -0.000875339, 0.00431105
-0.47699, 0.423659, -0.000106687, 0.0043774
-0.486493, 0.415363, 0.000706926, 0.00431104
-0.477682, 0.419634, 0.00138276, 0.00432103
-0.47768, 0.419636, 0.00198669, 0.00432051
-0.460566, 0.416116, 0.0025241, 0.00431154
-0.450649, 0.431942, 0.00322924, 0.00437649
0.356917, 0.375636, 0.00392221, 0.00420686
-0.411288, -0.411065, 0.00403851, 0.00426677
-0.411108, -0.410707, 0.00348633, 0.00371708
-0.409737, -0.409001, 0.00288262, 0.00311542
-0.408059, -0.40727, 0.00236805, 0.00260235
-0.406517, 0.349284, 0.000628396, 0.00399346
-0.405236, 0.838092, 0.000629799, 0.00453295
-0.235594, 0.813331, 0.000607305, 0.00501867
0.454736, 0.796864, 0.000597475, 0.00550405
0.133949, 0.633661, 0.00102604, 0.00588064
-0.202865, 0.507634, 0.00138743, 0.00626575
-0.140203, 0.761865, 0.00171486, 0.00623262
-0.325899, 0.496227, 0.00207244, 0.00623731
-0.343705, 0.387475, 0.00242623, 0.00621773
-0.349325, 0.326718, 0.00274538, 0.00621889
-0.123483, 0.771381, 0.00306649, 0.00626243
-0.431578, 0.464846, 0.00358223, 0.0062468
-2.33833, 0.349551, 0.00405883, 0.00626854
-2.24358, -0.79123, 0.00453523, 0.00623495
-1.91754, -0.240766, 0.00496483, 0.00589726
-1.34182, 0.314982, 0.00480388, 0.00625684
-0.926457, 0.483654, 0.00578794, 0.00625564
0.0897474, 0.538231, 0.00618383, 0.00623889
-0.150165, -0.149874, 0.00606863, 0.00615371
-0.149411, -0.148791, 0.00589871, 0.00598359
-0.148025, 0.715075, 0.00483262, 0.00608201
0.0316153, 0.665878, 0.00480214, 0.00622372
0.0489608, 0.61994, 0.00482702, 0.00622766
0.0445471, 0.576066, 0.00481038, 0.00622306
-0.203792, 0.294199, 0.0048334, 0.00622339
0.05537, 0.508299, 0.00483373, 0.00623918
-0.408453, 0.424259, 0.00496263, 0.00590571
-0.00265551, 0.52854, 0.00513458, 0.00628906
0.0853087, 0.489681, 0.00532474, 0.00632521
-0.410273, 0.457367, 0.00551572, 0.00631044
-0.421996, 0.433563, 0.00527676, 0.00631351
-1.66075, 0.377117, 0.00589773, 0.00615214
-1.66075, 1.18433, 0.00606852, 0.00632289
-0.851526, 1.43063, 0.00372001, 0.0063098
-0.34167, 0.785025, 0.00374843, 0.00631692
-0.291966, 0.935016, 0.00473022, 0.00631784
-0.329883, 0.829021, 0.00418908, 0.00632089
-0.451911, 1.51132, 0.0058886, 0.00632245
-3.59251, 1.36268, 0.00624763, 0.00631144
-6.70913, -3.42687, 0.00601739, 0.00631994
-6.70913, -3.60542, 0.0060169, 0.00631998
-5.86279, 3.58353, 0.00418598, 0.00620612
-0.205305, 1.43859, 0.00164324, 0.00579393
0.288974, 1.40285, 0.00167246, 0.0053389
0.415293, 1.8872, 0.00166855, 0.0049138
0.365292, 1.74765, 0.00168283, 0.00435617
0.334713, 1.64445, 0.00168042, 0.00394642
0.307416, 1.55618, 0.00167953, 0.0035681
-0.380806, 1.48889, 0.00167879, 0.0036665
-0.387724, 1.76056, 0.00163963, 0.00365404
-0.423023, 1.69503, 0.00167989, 0.00371128
-0.44914, 1.69363, 0.00135863, 0.00365471
-0.47038, 1.63574, 0.000664436, 0.00368034
-0.473635, 1.53887, 0.000547079, 0.00371984
-0.504158, 1.42501, -0.00083033, 0.00367888
-0.492278, 1.30909, -0.000225254, 0.00367907
-0.814181, 1.19626, 0.00271548, 0.0036941
-0.4439, 0.783427, -0.000250716, 0.00369682
-0.843683, 0.711335, 0.00339238, 0.00371589
-0.843679, 1.96885, 0.00263062, 0.00371593
0.624534, 1.77576, 0.00251551, 0.00336013
0.149205, 1.13415, 0.00239982, 0.00268751
-1.01484, 0.286192, -0.00128702, 0.00221232
-0.954709, 0.297447, -0.00124368, 0.00268057
-0.78171, 0.515504, -0.00123849, 0.00297446
-0.685349, 0.510896, -0.00117241, 0.00290993
-0.612736, 0.504487, -0.00128525, 0.00299035
-0.572863, 0.3577, -0.00119246, 0.00299108
-0.28432, 0.553664, -0.000727859, 0.00295945
-0.287635, 0.539596, -0.000177442, 0.00292778
-0.865838, 0.367522, 0.000413147, 0.00299
-0.835773, 0.0782102, 0.000951101, 0.00292869
-0.798156, -0.190241, 0.00148152, 0.00297483
-0.797382, -0.306141, 0.00196001, 0.00299582
-0.733906, -0.342562, 0.0024731, 0.0029313
-0.504507, -0.227249, 0.00286811, 0.00297172
-0.278732, -0.278635, 0.00248564, 0.00264545
-2.77863, -0.27844, 0.000599908, 0.00229328
-2.26295, -0.668188, 0.000234364, 0.00190773
-2.49219, -2.23188, 0.0013741, 0.00152951
-0.245203, -0.245082, 0.000973981, 0.00112798
-0.244983, -0.244946, 0.000633727, 0.000788645
-0.244969, 0.943778, -0.000754938, 0.00153745
0.103055, 0.956215, -0.000732473, 0.00235903
0.208168, 0.928895, -0.000752236, 0.00311066
0.269466, 0.905891, -0.000720647, 0.00385764
0.268953, 0.875015, -0.000741204, 0.00459732
-0.452148, 0.857293, -0.000732734, 0.0052353
-0.461612, 0.839748, -0.000730705, 0.00513825
-0.466862, 0.828016, -0.000751303, 0.00525612
-0.449805, 1.29026, -0.000732124, 0.00514328
-0.504931, 0.997713, -0.000201985, 0.00521663
-0.49999, 0.909611, 0.000583341, 0.00522499
-0.495378, 0.828491, 0.00136315, 0.00515338
-0.489482, 0.766508, 0.00200815, 0.00515333
-0.485222, 0.698967, 0.00277695, 0.0052757
-0.481296, 0.641177, 0.00353742, 0.00517353
0.562901, 0.601281, 0.0041657, 0.00509273
0.56083, 0.567428, 0.00490915, 0.0052147
-0.478982, -0.477665, 0.00480813, 0.00506932
-0.479894, -0.479848, 0.00417367, 0.00443919
-0.479563, -0.478933, 0.00363855, 0.00390673
-0.478082, -0.477079, 0.00309896, 0.00336926
-0.475986, -0.474863, 0.00255554, 0.0028277
-0.473335, 0.415747, -0.00145292, 0.00217299
-0.671564, -0.301863, 0.00123553, 0.00151278
-2.59012, -0.469975, -0.000614854, 0.000901974
-2.97349, -1.82167, -0.000271147, 0.000229795
-2.4341, -1.1405, -0.000296275, -0.000232857
-0.0977778, -0.0977161, -0.000447699, -0.00038449
-0.0978492, 0.591157, -0.00144124, -0.000536368
0.0686265, 0.545186, -0.00146181, -0.000689213
0.117559, 0.501827, -0.00144552, -0.000733769
0.107601, 0.466105, -0.00145301, -0.000635061
0.0990582, 0.4428, -0.00145403, -0.000536027
0.185958, 0.884117, -0.00145407, -0.000416563
0.167089, 0.812025, -0.00143993, -0.000299168
0.150701, 0.756632, -0.00137908, -0.000181269
0.136706, 0.731336, -0.00127853, -6.28587e-05
0.125901, 0.730907, -0.00118604, 4.56422e-05
0.115228, 0.705139, -0.00107588, 0.000174308
0.107318, 0.661968, -0.000973564, 0.000293177
0.100991, 0.608262, -0.000870853, 0.000411933
0.0956371, 0.544534, -0.0007591, 0.000540492
0.0918804, 0.48428, -0.000655354, 0.000659234
0.089047, 0.425751, -0.000551668, 0.00077737
-0.170043, 0.381641, -0.000445962, 0.000797133
-0.173324, 0.327585, -0.000316523, 0.000826706
-0.509933, 0.283209, -0.00019684, 0.000821625
-4.58363, -0.00218572, -6.70803e-05, 0.000170844
-4.07936, -0.80731, 3.15068e-05, 0.000261599
-2.73963, 1.20996, 3.34955e-06, 0.000800255
-1.68903, 1.37068, 0.000252529, 0.000821048
-0.684711, 2.19397, 0.000348855, 0.000797157
-0.146738, 1.31697, -0.000854913, 0.000809554
-0.153716, 1.12202, -0.00107782, 0.000827498
0.605414, 1.63312, 0.000665453, 0.00080103
-0.483246, 1.64842, -0.00154966, 0.000810015
-0.480742, 0.988049, -0.00139591, 0.000737558
-0.546744, 0.58118, -0.000489049, 0.000521501
-0.0297583, 0.306818, -0.00195282, 0.000301975
0.0523451, 0.33253, -0.00193722, 8.10389e-05
0.0681955, 0.354722, -0.00197271, -0.000141915
0.053961, 0.34369, -0.00194165, -0.000365889
0.0375808, 0.329115, -0.00195384, -0.000592573
0.0320828, 0.32382, -0.00195844, -0.000753137
0.0187779, 0.310742, -0.00193356, -0.000563382
-0.382765, 0.0855347, -0.00197087, -0.000431474
-0.0621088, 0.273164, -0.00195237, -0.000237303
-0.048055, 0.263616, -0.00197173, -6.58406e-05
-0.0416481, 0.258201, -0.00194367, 0.000121157
0.144585, 0.258201, -0.00186299, 0.000276804
0.142924, 0.2551, -0.00168639, 0.000447143
-0.349376, 0.248837, -0.00150939, 0.000561786
-2.14927, 0.0736188, -0.00131731, -0.000488121
-1.68882, -0.299392, -0.00112694, -0.000314252
-1.65013, -0.104178, -0.000940528, -0.000143368
-1.45607, 0.00814093, -0.000774402, 1.11245e-05
-1.14128, 0.108383, -0.000626563, -5.90606e-05
-0.963937, 0.790559, -0.000496368, 0.00141512
-0.517207, 0.750335, -0.000324988, 0.00158137
-0.204702, 0.708822, -0.000170385, 0.00173359
0.0521311, 0.659617, -2.80898e-06, 0.00190014
0.0121812, 1.16386, 0.000149925, 0.00204421
-0.0132152, 1.06898, 0.000316928, 0.00205477
-0.0967346, 0.711442, 0.000483895, 0.0020447
-0.0402066, 0.937181, 0.000610016, 0.00205752
-0.0583338, 0.87326, 0.000778811, 0.00206541
-0.072471, 0.838406, 0.000934785, 0.002053
-0.0855596, 0.837488, 0.00110621, 0.00205251
-0.0954976, 0.81971, 0.000954962, 0.00206686
-0.10445, 0.780413, 0.000784878, 0.00205447
-0.111639, 0.727182, 0.000613818, 0.00205178
-0.116898, 0.671263, 0.000456125, 0.00206653
-0.87028, 0.607475, 0.00144312, 0.00205476
-1.41743, -0.216007, 0.00172899, 0.00206855
-2.79568, -0.807021, 0.00120417, 0.0019044
-3.10406, -1.94678, 0.00154789, 0.00174284
-2.81576, -1.56249, 0.00153523, 0.00159902
-0.101478, -0.101418, 0.00140868, 0.00147191
-0.101356, 0.456656, -0.000201247, 0.00134541
-0.0231556, 0.406873, -0.000328931, 0.00118031
-0.034466, 0.363236, -0.000447282, 0.00102762
-0.0363022, 0.356706, -0.000467154, 0.000873871
0.290756, 2.6342, 0.00052154, 0.000719427
-0.762082, 2.49085, -0.00033694, 0.000561836
-0.727735, 1.44932, -0.000555407, 0.000415595
-0.718486, 0.712346, -0.000576311, 0.000294064
-0.882189, 0.102653, -0.000401431, 0.000160725
-0.727445, -0.246202, -0.000513631, 4.72292e-05
-1.07247, -0.551589, -0.000340844, -8.65694e-05
-1.07919, 0.940827, -0.00077164, 0.00135093
-0.599326, 0.891677, -0.000784684, 0.00170447
-0.275718, 0.841729, -0.000773588, 0.00203128
-0.0426276, 0.790655, -0.000774463, 0.00235711
0.117902, 0.740971, -0.000794615, 0.00268186
-0.438712, 0.696192, -0.000746569, 0.00273064
-0.561152, 0.601562, -0.000383373, 0.00273888
-2.87978, 0.461843, -4.9638e-05, 0.000621518
-2.72125, -0.185569, 0.000280274, 0.000930541
-1.38057, 0.224759, 0.000597025, 0.00123446
-0.333018, 0.871299, -0.000192615, 0.00278921
-0.335995, 0.851397, -0.000294642, 0.00274206
-0.262193, 1.07601, 0.0011222, 0.00276969
-0.436434, 1.58937, 0.00181179, 0.00275994
-0.436389, 1.53831, 0.00211359, 0.00275192
0.422033, 1.73039, 0.00244361, 0.00275972
0.0746442, 1.42568, 0.00265945, 0.0027525
-0.43645, -0.436332, 0.00205699, 0.00230914
-0.436049, -0.435805, 0.00144697, 0.00170196
-0.435411, -0.435193, 0.000778516, 0.00103656
-0.434959, -0.434855, 0.00015421, 0.000415215
-0.434807, 0.689895, -0.0026561, -0.000213386
-0.26949, 0.642782, -0.00266583, -0.000849797
-0.172444, 0.60302, -0.00264584, -0.00108165
-0.110048, 0.566259, -0.0026557, -0.00109626
-0.0481097, 0.540168, -0.0026461, -0.0010798
-0.0558682, 0.53816, -0.0023847, -0.00107847
-0.0616702, 0.529217, -0.00214335, -0.00107943
-0.0666845, 0.506922, -0.00193105, -0.00107913
-0.0450664, 0.478592, -0.00190303, -0.00107942
-2.21046, 0.443896, -0.00139942, -0.00108093
-3.74399, -0.870106, -0.00123007, -0.00108056
-3.66123, -1.7602, -0.00123816, -0.00111273
-2.7361, -1.3922, -0.00124639, -0.0012054
-0.0620516, 0.323109, -0.00191031, 0.000420262
-0.0619349, 0.870476, -0.00191585, 0.000994618
0.0780377, 0.831645, -0.00191541, 0.00141355
0.177706, 0.7952, -0.00191529, 0.0018313
-0.13963, 0.752802, -0.00194044, 0.00189306
-0.147358, 0.727133, -0.00194034, 0.00189586
-0.101386, 1.21517, -0.0019405, 0.00185153
-0.119713, 1.14601, -0.0019067, 0.00184544
-0.137218, 1.08286, -0.00159388, 0.00190377
-0.152132, 1.0429, -0.00106524, 0.00186188
-0.164663, 1.03981, -0.00053688, 0.00187823
-0.175054, 1.02524, -0.000155186, 0.00188514
-0.140211, 0.999593, 0.000487301, 0.00184073
-0.162557, 0.999131, -0.000423694, 0.00186263
-0.184481, 0.938504, -0.000296395, 0.00186307
-0.174186, 0.301572, -6.38772e-05, 0.00186301
0.248876, 2.44496, 0.00153184, 0.00164299
-0.204483, -0.204462, 0.00125986, 0.0013734
-0.20441, -0.204364, 0.000986377, 0.00110049
-0.204296, -0.204248, 0.000711548, 0.000826223
-2.67894, -0.204189, -0.000484868, 0.000550606
-4.2549, -1.80374, -0.000273587, 0.000274885
-4.29156, -1.75126, -0.000315931, 4.82175e-06
-2.52751, -0.995766, -0.000345485, -0.000253064
-0.0731437, 0.452608, -0.00195641, -0.000421042
-0.058978, 0.400136, -0.00214345, -0.00054411
-0.0600499, 0.396315, -0.00215792, -0.000648753
-0.0716926, 0.357157, -0.00231873, -0.000754166
0.314224, 2.72151, -0.000997695, -0.000850212
-0.803447, 2.67523, -0.00208414, -0.00095768
-0.7743, 1.64953, -0.00254679, -0.00105869
-0.981034, 0.97122, -0.00195054, -0.00117197
-0.842964, 0.0117337, -0.00210083, -0.00128478
-1.2771, -0.554768, -0.00184767, -0.00147799
-1.28385, 1.03584, -0.00277611, -0.000660964
-0.790405, 0.994009, -0.00279942, -0.000224468
-0.391829, 0.939657, -0.00278661, 0.000247535
-0.110589, 0.882199, -0.00281276, 0.000495508
0.0650573, 0.831699, -0.00278768, 0.000683204
0.187767, 0.780942, -0.0028129, 0.000886394
0.183347, 0.739652, -0.00278254, 0.00108968
0.175039, 0.716801, -0.00252336, 0.0012617
-1.40656, 0.714085, -0.00206933, -9.81119e-05
-0.625472, -0.0215514, -0.00165596, 0.00074548
-0.581038, 0.0197042, -0.00124929, 0.00090399
-0.569874, 0.0232056, -0.00085035, 0.000918394
-0.534522, 0.55833, -0.0004949, 0.00177113
-0.250122, 0.538056, -0.000110553, 0.00177068
-0.0830428, 0.510112, 0.000303175, 0.00177267
0.00693124, 0.482307, 0.000477942, 0.00177213
0.0399329, 0.451057, 0.000652765, 0.00177097
0.107485, 0.972271, 0.000812444, 0.00176992
0.0874999, 0.883806, 0.00098713, 0.00177185
-0.324855, 0.823311, 0.00114716, 0.00177124
-0.339822, 0.779106, 0.00110539, 0.00177063
-0.352517, 0.751348, 0.000620171, 0.00177001
-0.364145, 0.750054, 8.29098e-05, 0.00177188
-0.365049, 0.602362, 3.7946e-05, 0.00177125
-0.35367, 0.580847, 0.000488796, 0.00176508
-0.337813, 0.56652, 0.000890374, 0.00175843
-0.35937, 0.561767, 0.00039768, 0.00175196
-0.400756, 0.613813, 0.00151018, 0.00174623
-0.400793, 0.609624, 0.00146646, 0.00174011
0.381399, 0.670382, 0.00172639, 0.00173417
0.300121, 0.574246, 0.00172589, 0.00172843
-0.400716, -0.00446667, 0.00155399, 0.00172291
-2.85673, -0.400915, -0.00109391, 0.00128744
-3.594, -0.563067, -0.00116804, 0.000841123
-3.56714, -1.68161, -0.000666267, 0.000397079
-3.50947, -1.33806, -0.000749158, -0.000122039
-2.21163, 1.41624, -0.00116007, 0.00314557
-1.45258, 1.36121, -0.00119503, 0.00305304
-0.431468, 1.36121, -0.000965472, 0.00305251
-0.457176, 1.28483, -0.000468219, 0.00307197
-0.393972, 1.46695, -2.16121e-05, 0.00309252
-0.530361, 1.60597, -0.00226786, 0.00313356
-0.557056, 1.50339, -0.00311641, 0.00317535
-0.402179, 1.41225, -0.0031656, 0.00312038
-0.314724, 1.36203, -0.00314377, 0.00312101
-0.230788, 1.33658, -0.00320711, 0.00305481
-0.269561, 1.33564, -0.00319807, 0.00305418
0.341539, 1.66204, 0.00265181, 0.00298885
-0.598879, 3.17583, 0.00124127, 0.00230884
0.606826, 2.8098, 0.00101725, 0.00138717
-0.669605, -0.669561, 0.000112249, 0.000491664
-1.02134, 0.505974, -0.00309299, 0.0018491
-1.02093, 0.505971, -0.00303439, 0.00190412
-1.02054, 0.505981, -0.00311575, 0.00195905
-1.02225, 0.505984, -0.00319724, 0.00190632
-1.02179, 0.505982, -0.00254694, 0.00179401
-1.02134, 0.505974, -0.0018857, 0.0018491
-1.70851, 0.505858, -0.00129137, 0.00197009
-2.79239, 0.3962, -0.000647303, 0.00148596
-2.63003, -0.0248262, 8.86273e-05, 0.00189071
-1.80195, -0.277685, 0.000731174, 0.00195859
-0.784447, -0.778201, 0.00139689, 0.00164564
-0.806633, 0.395058, 0.00155885, 0.00193922
-0.805282, 2.89116, -0.00062656, 0.000952981
0.825394, 2.71818, -0.000847636, -0.000298749
-0.913302, -0.911119, -0.00197942, -0.00140998
-0.930507, 0.837245, -0.00765965, 0.00181715
-0.930507, 0.837245, -0.00765965, 0.00276629
-0.928571, 1.39971, -0.00772628, 0.00277823
-0.763346, 1.3482, -0.00765656, 0.00288514
-0.396612, 1.30493, -0.00742566, 0.00279872
-0.407213, 1.26771, -0.00604464, 0.00291138
-0.416628, 1.23864, -0.00457875, 0.00280665
-0.417948, 1.23661, -0.00325581, 0.00290687
-0.400292, 1.26986, -0.00197053, 0.00285139
-0.387733, 1.29238, -0.000611084, 0.00291117
-0.444897, 1.39872, 0.000615327, 0.00284934
0.149328, 1.78151, 0.00181996, 0.00281409
-0.0839829, 0.35827, 0.00265881, 0.00289593
-0.443538, -0.442551, 0.00212901, 0.00237061
-0.44519, -0.444688, 0.0014935, 0.00173912
-0.445939, -0.44573, 0.000848334, 0.00109756
-0.891545, 0.422113, -0.00180595, 0.00352315
-0.827146, 0.432365, -0.00180741, 0.00414862
-3.61379, -0.695066, -0.00177363, -7.84941e-05
-3.97792, -1.23974, -0.00171483, -0.00112427
-3.99089, 0.437648, -0.00173579, 0.000355607
-1.25495, 0.868603, -0.00123925, 0.00413844
-0.792664, 1.41705, -0.000604574, 0.00413376
-0.287574, 1.412, 1.13149e-05, 0.00409879
-0.196601, 1.32855, 0.000614741, 0.00407832
-0.218109, 1.2406, 0.00120828, 0.00412547
-0.126463, 1.53607, 0.00179596, 0.00417341
-0.336231, 2.20521, 0.00238143, 0.00412518
-0.336023, 1.92704, 0.00296785, 0.00409061
0.273315, 2.0413, 0.00355612, 0.00409521
2.03304, 2.20702, 0.00405314, 0.00409604
-0.336181, -0.335901, 0.00364082, 0.00382896
-0.336251, 0.602074, 0.000248654, 0.00345184
-0.569348, -0.150788, 0.0027657, 0.00295725
-0.334792, 0.625597, 0.00022093, 0.00257418
-0.175849, 0.5812, 0.000230716, 0.00215058
-0.139622, 0.540026, 0.000240785, 0.00172362
-0.148234, 0.507514, 0.000195199, 0.00133216
-0.156599, 0.48025, -4.06589e-05, 0.000928691
-0.163798, 0.46781, -0.000278938, 0.000928915
-0.169361, 0.467809, -0.000496296, 0.000928555
-1.82213, 0.456462, 0.000373571, 0.000913435
-2.71593, -0.763041, 0.000475606, 0.000950782
-3.35275, -2.02355, 0.000586805, 0.000732022
-3.35275, -0.0420233, 0.000684603, 0.000825381
-0.490785, 0.0141117, 0.000788244, 0.00083474
-0.00811139, 0.648315, -0.00107971, 0.000927427
0.00493275, 0.678066, -0.00108369, 0.000902991
0.102263, 0.68567, -0.00108123, 0.000711568
0.172192, 0.672669, -0.00110013, 0.00102925
0.169918, 0.652547, -0.00111939, 0.0014642
0.147414, 0.630971, -0.00113928, 0.00189725
0.13938, 0.621186, -0.00110344, 0.0023279
0.206949, 1.10564, -0.0010968, 0.00286537
0.064244, 1.04436, -0.00107961, 0.00326273
0.0518928, 0.997033, -0.00107974, 0.00326303
0.0369667, 0.957631, -0.00109704, 0.00325809
0.0275631, 0.956713, -0.000846201, 0.00326345
0.0198413, 0.943621, -0.000388675, 0.00326223
0.0136389, 0.915611, 6.83514e-05, 0.00326098
0.00918883, 0.881197, 0.00048311, 0.00326102
-0.504438, 0.837912, 0.000939867, 0.00326086
-1.60832, 0.443612, 0.00143528, 0.00326009
-1.91319, -0.00940938, 0.00200665, 0.00326144
-1.87136, -0.767169, 0.00244363, 0.00326024
-1.71466, -0.664895, 0.00286482, 0.00325907
-1.11994, 0.827862, 0.00246368, 0.00326379
-0.646599, 0.822911, 0.00244649, 0.00325122
-0.438231, 0.758988, 0.0020123, 0.00323972
0.014727, 0.912389, 0.0026045, 0.00323016
-0.45076, 0.726751, 0.00193773, 0.00322055
-0.156732, 1.51002, 0.00302338, 0.00321267
-0.531315, 1.26005, 0.00182904, 0.00320488
-0.157175, 1.01697, 0.00263485, 0.00319803
0.924699, 2.93659, 0.00318986, 0.00319219
-0.156637, -0.156355, 0.00306063, 0.00314945
-0.157032, -0.156888, 0.00286425, 0.00295367
-0.157172, -0.157136, 0.00266677, 0.00275665
-0.157164, -0.157121, 0.00246846, 0.00255869
-0.5578, -0.157032, 0.00206245, 0.00236002
-0.557823, 1.00867, -0.00235782, 0.00173822
-0.861898, 0.966025, -0.00242687, 0.00204838
-1.21365, 0.254497, -0.00239496, 0.000913577
-1.3933, 0.185572, -0.00240273, 1.70688e-05
-2.6073, -0.735537, -0.00246406, -0.00148966
-2.60728, 0.697232, -0.00246306, 0.00192406
-0.955333, 1.26548, -0.00330915, 0.00203754
-0.633746, 1.38633, -0.00148732, 0.00199956
-0.599343, 1.46268, -0.000857272, 0.00196494
-0.825276, 2.08936, -0.000290113, 0.00204605
-0.82503, 1.75432, 0.000275539, 0.00203433
-0.199431, 1.96194, 0.000841326, 0.00193504
1.94798, 2.77268, 0.00141348, 0.00167526
-0.825332, 0.453872, 0.00183264, 0.00193889
-0.825163, -0.825048, 0.000764756, 0.00125291
-0.82636, 0.743446, -0.00342529, 0.00259312
-0.82636, 0.743446, -0.00342529, 0.00259312
-0.826341, 0.743445, -0.00353183, 0.00254062
-0.826341, 1.33926, -0.00353187, 0.00261574
-0.452945, 1.28276, -0.00313814, 0.00265062
-0.371708, 1.23946, -0.00209774, 0.00259873
-0.329026, 1.20475, -0.00144683, 0.00254613
-0.311549, 1.17992, -0.00150055, 0.00260359
-0.289985, 1.16467, -0.00147499, 0.0026918
-2.29343, 1.16197, 0.000287449, 0.00265556
-3.55205, -1.39229, 0.00129382, 0.00260238
-3.57516, -1.46436, 0.00113897, 0.00191215
-1.83864, -0.829957, 0.000985268, 0.00124059
-0.6864, 0.510356, -0.001469, 0.00230943
-0.689495, 1.12652, -0.00151213, 0.00215472
-0.675229, 1.16987, -0.00137661, 0.00229281
-0.65316, 1.22887, -0.00147424, 0.00219433
-0.660729, 1.21143, -0.00110523, 0.00223256
-0.77487, 1.44401, -0.00036331, 0.0023081
-0.774852, 1.42236, 0.000441111, 0.00218428
1.14996, 1.55557, 0.00117742, 0.00217713
1.0296, 1.42982, 0.00190933, 0.00224197
-0.774885, -0.774849, 0.00154981, 0.00200125
-0.774787, 1.23257, -0.00329375, 0.0065518
-0.774571, 1.86062, -0.0032057, 0.00655123
-0.597887, 1.81339, -0.00334297, 0.00657409
-0.500838, 1.76992, -0.00320394, 0.00652513
-0.448624, 1.73087, -0.00340483, 0.00660477
-0.23317, 1.69507, -0.0013033, 0.00663142
-0.241237, 1.678, 0.000218411, 0.00663166
-0.724958, 1.6695, 0.00184854, 0.00661129
-2.69214, 1.385, 0.00329613, 0.00663096
-3.73051, -0.178433, 0.00483246, 0.00660824
-3.61308, -1.11634, 0.00613507, 0.00658491
-3.27567, 3.12759, 0.0063777, 0.00649241
-0.206013, -0.204455, 0.00614532, 0.00626152
-0.201977, -0.200023, 0.00586921, 0.00598372
-0.197075, 0.359559, 0.00303016, 0.00571035
-0.428599, -0.0011098, 0.00531084, 0.00542051
-0.185713, 0.541703, 0.00302149, 0.00518046
-0.031681, 0.522558, 0.003021, 0.00496791
0.0472288, 0.494067, 0.00302062, 0.00474256
0.121073, 3.15055, 0.00409253, 0.00447324
-0.968402, 2.80412, 0.00302616, 0.0041447
-1.43869, 0.922436, 0.00342135, 0.00382608
-1.47804, -1.08665, 0.00339461, 0.003529
-0.236535, 0.0840691, 0.00302468, 0.00377532
0.0351585, 0.0858341, 0.00302878, 0.0038799
0.0350571, 0.0877799, 0.00308202, 0.00400585
0.0351585, 0.0894039, 0.00313112, 0.00412416
-0.33699, 0.0895305, 0.00317599, 0.0041341
-5.13403, 0.0357284, 0.0032247, 0.00332018
-5.04099, -1.87101, 0.00327624, 0.00333098
-2.51237, 1.56772, 0.00332386, 0.0040119
-0.825712, 1.57385, 0.00244159, 0.00413392
-0.151854, 1.43938, 0.0019661, 0.00414314
-0.183749, 1.31126, 0.00151867, 0.00415724
-0.186373, 1.30299, 0.00147996, 0.00412285
-0.220334, 1.1837, 0.000981796, 0.00414975
-0.340416, 2.74612, 0.00335942, 0.00412531
-0.499207, 2.46588, 0.000414896, 0.00415343
-0.525854, 1.95344, 0.000392313, 0.00412504
1.11373, 3.5274, 0.00367279, 0.00385727
-0.340813, -0.339999, 0.00325307, 0.00344509
-0.341744, -0.341454, 0.00282675, 0.00302114
-0.341843, 0.62817, 0.000441039, 0.0056954
-0.341523, 0.628278, 0.000400632, 0.00643202
-0.340763, 0.628278, 0.000400632, 0.00708756
-0.751957, 1.21139, 0.00035848, 0.00708117
-0.76542, 1.16651, 0.000414956, 0.00714063
-0.865821, 0.842364, 0.000399444, 0.0071406
-0.75973, 1.12413, 0.00106176, 0.00707245
-0.762535, 1.08045, 0.00198758, 0.00722783
-0.995243, 0.962051, 0.00290702, 0.00708458
-0.872502, 0.730376, 0.00354296, 0.00716682
-2.44245, 0.461528, 0.00424462, 0.00717274
-3.13682, -0.573378, 0.00500635, 0.00720872
-3.08093, -1.83611, 0.00574502, 0.00719175
-2.89751, 3.53426, 0.00644177, 0.00674659
-0.652136, 0.548138, 0.00694408, 0.007173
-0.656637, -0.655096, 0.0062104, 0.00657931
-0.656932, -0.656134, 0.00538724, 0.00576314
-0.654226, -0.652058, 0.0045522, 0.00493299
-0.649013, 1.17019, 0.000549462, 0.00687705
-0.47082, 1.12493, 0.000475161, 0.00742218
-0.366091, 1.08571, 0.000549378, 0.00741432
-0.299769, 1.04688, 0.000550078, 0.00744616
-0.274842, 1.01753, 0.000468575, 0.00743706
-0.0299727, 0.997492, 0.0012182, 0.0074276
-0.025926, 0.993937, 0.00202682, 0.00741821
-0.0206194, 0.989838, 0.00283334, 0.00742443
-0.0142315, 0.977529, 0.00363392, 0.00744859
-0.00614997, 0.95686, 0.00450178, 0.00742846
0.002173, 0.931587, 0.00528859, 0.00741863
0.0029737, 0.900229, 0.00606491, 0.00742277
-4.97062, 0.862793, 0.0068226, 0.00744972
-5.49521, -2.31578, 0.00723455, 0.00744002
-5.45218, 2.28157, 0.00688558, 0.00734028
-3.23486, 2.46808, 0.00587245, 0.00725528
-1.84006, 2.32022, 0.00558342, 0.00718159
-0.774516, 2.30435, 0.00555664, 0.00711744
0.0214487, 2.10902, 0.00525468, 0.00706146
-0.0252011, 1.93459, 0.00497394, 0.00701672
-0.10122, 1.62943, 0.00437861, 0.00697463
-0.128079, 1.52511, 0.00409365, 0.00694277
0.0697383, 1.78462, 0.00369706, 0.00691518
0.0249126, 1.70309, 0.00353987, 0.00689353
-0.0122803, 1.71777, 0.00337854, 0.00688481
-0.0380366, 1.46271, 0.00323942, 0.0066195
-0.0593511, 1.36785, 0.0030986, 0.00632322
1.24145, 2.91045, 0.00557312, 0.00601426
-0.936486, 2.80875, 0.00320268, 0.00569348
-1.16815, 1.81878, 0.0037088, 0.00538949
-1.0586, 0.455926, 0.00358614, 0.00507864
-1.57037, -0.359991, 0.0039646, 0.00473335
-1.51117, -0.894817, 0.0039342, 0.00439056
-1.31027, -0.894824, 0.00393464, 0.00408536
-0.266448, -0.106751, 0.00368559, 0.00378476
-0.286808, 0.434576, 0.00062794, 0.0036013
-0.34389, 0.0779429, 0.0033817, 0.00344311
-0.109294, -0.109127, 0.00323378, 0.00329558
-0.109495, -0.109416, 0.00310974, 0.00317182
-0.109539, -0.109537, 0.0029728, 0.0030351
-0.10948, 0.262179, -0.000754081, 0.00288548
-0.342487, 0.0758764, 0.0026602, 0.00272276
-0.177017, 0.439928, -0.000892578, 0.00257285
-0.554681, -0.138467, 0.00205951, 0.00224609
-0.322421, -0.322388, 0.00164608, 0.00183406
-2.79357, -0.322412, -0.000548741, 0.00145738
-3.02721, -1.82822, 0.000485293, 0.00104205
-2.79185, -1.41237, 0.000412519, 0.000595184
-0.285338, -0.285334, 4.74879e-05, 0.000229937
-0.28535, 0.753457, -0.00110632, 0.000284396
-0.131796, 0.769205, -0.00111078, 0.000798403
0.219637, 0.779735, -0.00109271, 0.00131023
0.286556, 0.755874, -0.00109347, 0.00181907
0.309946, 0.729974, -0.00109875, 0.00232549
0.286013, 0.706143, -0.001104, 0.0028273
-0.145568, 0.686538, -0.00110932, 0.00311928
-0.0949003, 1.16946, -0.00110968, 0.00315907
-0.111486, 1.10795, -0.0010968, 0.00314425
-0.12447, 1.06038, -0.00109667, 0.00314756
-0.136791, 1.02313, -0.00104741, 0.00313001
-0.147138, 1.01417, -0.000510689, 0.00311153
-0.155737, 1.00851, 2.30964e-05, 0.00315111
-0.162814, 0.98626, 0.000557067, 0.00317196
-0.168101, 0.955805, 0.00103977, 0.00317251
-0.345799, 0.915702, 0.00105296, 0.0031527
-0.933987, 0.875281, 0.002052, 0.00315577
-3.33427, 0.212625, 0.00242123, 0.00313831
-3.14269, -1.47449, 0.00276825, 0.00313817
-3.15081, -1.19519, 0.00273152, 0.00300599
-2.04526, -1.19518, 0.00273178, 0.00282231
-0.14803, -0.147936, 0.00253369, 0.00262385
-0.246978, 0.385593, -0.00141046, 0.00242535
-0.216883, 0.48697, -0.000681194, 0.00222643
-0.21925, 0.480077, -0.000719554, 0.00202663
0.322855, 1.87359, 0.00137429, 0.00184357
-0.423452, 1.81304, -2.62905e-05, 0.00164042
0.976782, 1.18666, 0.00133654, 0.00143243
-0.318511, -0.164389, 0.00104106, 0.00122063
-0.318721, -0.31862, 0.000662749, 0.000852284
-0.31894, -0.318839, 0.000243102, 0.000434308
-0.319187, -0.319071, -0.00018027, 1.26396e-05
-0.319465, -0.319336, -0.000607456, -0.000412802
-0.319593, 0.985072, -0.00260615, 0.00208809
-0.167212, 0.941865, -0.00264646, 0.00260856
-0.114569, 0.901949, -0.00268406, 0.00259419
-0.12531, 0.863363, -0.00257394, 0.00256131
-0.754764, 0.666264, -0.0026052, 0.00261931
-1.0599, 0.514402, -0.0021881, 0.00256746
-0.785743, 0.09095, -0.00153309, 0.00174615
-0.748998, 0.113671, -0.000889982, 0.00184347
-0.683294, 0.135558, -0.000368736, 0.00256018
-0.525273, 0.146952, 0.000192597, 0.00260503
-0.367628, 0.481275, 0.000741874, 0.00260531
-0.059074, 0.443249, 0.00107016, 0.00258962
0.00843078, 0.456518, 0.00105291, 0.00257312
-0.00714209, 0.466975, 0.00104625, 0.00261236
0.00304314, 1.82667, 0.00210596, 0.00252445
-0.397453, 1.71384, 0.00104078, 0.00234333
-0.361993, 1.18598, 0.00105667, 0.00215783
-0.317153, 0.766026, 0.00107229, 0.00196807
-0.27346, 0.438838, 0.00106388, 0.0020878
-0.238537, 0.189771, 0.00104571, 0.00224445
-0.471372, 0.00524541, 0.0010432, 0.00154482
-0.507068, 0.0589104, 0.00104353, 0.00239584
-0.50599, 0.0603361, 0.00105785, 0.0024096
-0.49156, 0.0685235, 0.00123167, 0.00239995
-0.491564, 0.068523, 0.0013759, 0.00239991
-0.490401, 0.0705937, 0.00153405, 0.00238159
-0.490402, 0.0705946, 0.0016769, 0.0023815
-1.4116, -0.0550359, 0.00172478, 0.00241359
-3.35443, -0.361444, 0.00189696, 0.00238076
-4.52023, -2.94318, 0.00221046, 0.00240446
-4.47971, 4.74334, 0.00234177, 0.00240526
-0.41137, -0.411281, 0.00196858, 0.00222163
-0.411143, -0.410982, 0.00145884, 0.00171431
-0.410729, -0.4106, 0.000788927, 0.00104757
-0.410494, 0.690103, -0.00336186, 0.0004769
-0.256401, 0.648728, -0.00340966, -0.00010005
-0.162437, 0.612637, -0.00341021, -0.00063202
-0.0971779, 5.96624, -0.00150121, -0.00122552
-0.465151, 0.183775, -0.00332988, -0.000917734
-0.465143, 0.183772, -0.00337901, -0.000697254
-0.464993, 0.183772, -0.00337901, -0.000505765
0.156628, 0.18377, -0.00328275, -0.000295776
0.18373, 0.721008, -0.00302392, -1.39258e-05
0.237243, 0.673478, -0.00274271, 0.00022095
0.226894, 0.63332, -0.00248567, 0.000436342
0.218516, 0.60173, -0.00225268, 0.00063203
0.210296, 0.575393, -0.00199687, 0.000847213
0.202468, 0.564852, -0.00171884, 0.00108128
0.196309, 0.563198, -0.00146492, 0.00129495
0.0111753, 0.551196, -0.00123389, 0.00138159
0.00707726, 0.530618, -0.000981298, 0.00138111
-1.91827, 0.480917, -0.000764402, 0.000276835
-1.46105, -0.233059, -0.000507452, 0.000514132
-1.37493, -0.0848944, -0.000312594, 0.000694349
-1.29866, 0.0179387, -0.000122262, 0.000871847
-1.06187, 0.725535, 6.46746e-05, 0.00138105
-0.537146, 0.660824, 0.000302616, 0.0013797
-0.154135, 1.38317, 0.000537313, 0.00138017
-0.0144859, 0.986402, 0.000769841, 0.0013813
-0.122782, 0.860059, 0.000949797, 0.0013813
-0.13898, 0.746026, 0.00113066, 0.0013813
-0.129626, 0.665424, -0.00228917, 0.00573268
-0.118499, 0.603177, -0.00228249, 0.00514961
-0.109266, 0.583885, -0.00221713, 0.00490694
-0.101439, 0.58306, -0.0021265, 0.00490692
-0.09403, 0.562555, -0.00200507, 0.00456706
-0.0881891, 0.522778, -0.00187461, 0.00396459
-0.0839594, 0.46881, -0.00174657, 0.0032451
-0.0812024, 0.406764, -0.00162942, 0.00250767
-0.0826267, 0.348159, -0.00152919, 0.00187379
-0.0833491, 0.295382, -0.00145194, 0.00130742
0.0327369, 1.11386, -0.00152108, 0.000846002
0.0386795, 1.43194, -0.0017232, 0.000141495
0.00227557, 1.29465, -0.00187096, -0.000405253
-0.0323784, 1.17778, -0.00206269, -0.00080269
-0.0549779, 1.12281, -0.0022293, -0.000995143
0.00412338, 1.11702, -0.00231183, -0.00110845
0.0843507, 1.09982, -0.00235376, -0.00119555
0.162394, 1.04683, -0.00235558, -0.00118381
0.147836, 0.96235, -0.00236068, -0.00112284
0.132844, 0.831889, -0.00240358, -0.00105609
0.157157, 0.735687, -0.00235249, -0.000983039
0.139877, 0.635179, -0.00238458, -0.000905556
0.158334, 0.530613, -0.00219588, -0.000795935
0.130796, 0.490474, -0.00217859, -0.000676388
0.171141, 0.528822, -0.0021956, -0.000994224
0.142256, 0.499298, -0.00217839, -0.000676273
0.322477, 0.521527, -0.0021951, -0.00119303
0.292746, 0.453844, -0.00167346, -0.00107351
0.264799, 0.311908, -0.00115378, -0.000954465
-1.0178, 0.247914, -0.000676258, 0.00142915
-0.561239, -0.213301, -0.000280637, 0.00199484
-0.522246, 0.388341, -0.00102505, 0.0020463
-0.242314, 0.343607, -0.00110006, 0.00202593
-0.159063, 0.396407, -0.00076488, 0.00198949
-0.160566, 0.40512, -0.000801881, 0.00200962
-0.162386, 0.415498, -0.000839236, 0.00204692
-0.162387, 0.153498, -0.000838753, 0.00191868
-0.165067, 0.148413, -0.00087668, 0.00152281
-0.168302, 0.145138, -0.000914229, 0.00112475
-0.23624, 0.143266, -0.00114185, 0.000723568
-0.23624, 0.114339, -0.00114183, 0.000356211
-0.0776806, 0.0646795, -0.00065002, -8.82948e-05
-0.0776796, 0.0225787, -0.000650167, -0.000462142
-0.236115, -0.235817, -0.00106647, -0.00087694
-0.236839, -0.236503, -0.00148574, -0.00129476
-0.237548, -0.237237, -0.00190824, -0.0017158
-0.238218, 0.184171, -0.00333012, -0.000944169
-0.238211, 0.184174, -0.00334852, -0.000915018
-0.238024, 0.184174, -0.00338765, -0.000885884
0.181278, 0.184164, -0.00336031, -0.000827665
0.181237, 0.184171, -0.00302796, -0.00079858
0.181157, 0.184174, -0.00266569, -0.000740457
0.181084, 0.183936, -0.00230483, -0.000682398
0.181196, 0.183386, -0.00194614, -0.000769511
0.181321, 0.182689, -0.00159003, -0.000856766
0.181237, 0.18198, -0.00123664, -0.00079858
-1.07781, 0.181321, -0.000856766, 0.000580369
-0.823332, -0.303597, -0.000509265, 0.000613596
-1.93822, -0.570748, -0.000166481, 0.00059446
-1.48709, -0.320391, 0.000170683, 0.000582914
-0.580133, 0.620219, -0.0010568, 0.000593404
-0.368562, 0.610875, -0.00107328, 0.000503843
-1.19896, -0.0848554, -0.000330385, 0.00036329
-0.801282, 1.59224, -0.000513863, 0.000209742
0.137026, 0.737602, -0.00106811, 4.37584e-05
0.133965, 0.696287, -0.00104785, -0.000111386
0.132319, 0.646739, -0.00106135, -0.000254921
0.149764, 0.583376, -0.0010678, -0.000413457
0.143901, 0.533798, -0.00104788, -0.000573344
0.140626, 0.466316, -0.00106165, -0.000689205
0.0845689, 0.42436, -0.00107525, -0.000743159
-0.681507, 0.332304, -0.00105434, 0.000130036
-0.767143, 0.0805399, -0.000973162, 1.30749e-05
-0.491928, -0.158613, -0.000824971, 0.000285716
-0.409389, 0.370524, -0.000761574, 0.000313061
-0.195164, 0.32996, -0.00102163, 0.000278635
-0.0813868, 0.362741, -0.000825955, 0.00028636
-0.082498, 0.361323, -0.000847948, 0.000299628
-0.0951291, 0.326475, -0.00108795, 0.000312485
-0.0827947, 0.341348, -0.000890914, 0.00029977
-0.0847626, 0.343299, -0.000912785, 0.000278407
-0.136718, 0.181746, -0.000826027, 0.000256603
-0.13677, 0.18231, -0.000869741, -5.19896e-07
-1.32438, 0.149088, -0.00141733, -0.00023759
-1.60018, -0.124653, -0.00132961, -0.000475912
-1.49245, 1.11437, -0.00125611, -0.000713589
-1.17159, 0.787989, -0.00214265, -0.000950236
-0.931816, -0.349074, -0.00242618, -0.00123281
-1.09545, -0.125532, -0.00235967, -0.00149434
-1.0768, -0.439404, -0.0022738, -0.0017339
-0.988464, 1.28298, -0.0029623, -0.00197248
-0.0747235, 0.559149, -0.00290394, 0.00125286
0.324567, 0.819796, -0.00291033, -0.000689353
0.358588, 0.808153, -0.00295441, -0.000604072
-0.755036, 0.809166, -0.00294462, 0.00216699
-0.824397, 0.411189, -0.00246606, 0.00217902
-0.923227, 0.0228243, -0.00199005, 0.00183772
-0.357935, 0.188914, -0.00151935, 0.00215636
-0.245149, 0.182947, -0.000969773, 0.00216148
-0.158491, 0.185896, -0.000510628, 0.00215319
-1.20519, -0.0866739, -9.82044e-05, 0.00206699
-0.940576, -0.286059, 0.000390728, 0.00214878
-0.938594, 0.462714, 0.000870876, 0.00217061
-0.52814, 0.439885, 0.00126894, 0.00215476
-0.279221, 0.409492, 0.00117333, 0.00217856
-0.26001, 0.378198, 0.00115853, 0.00217063
-1.66761, -0.0756378, 0.00165351, 0.0020761
-1.10016, 0.259174, 0.00113484, 0.00198144
-0.786431, 0.597172, 0.00184866, 0.00188759
-0.0455244, 0.520787, 0.00109883, 0.00179403
-0.0499369, 1.39196, 0.00129916, 0.00170021
-0.0262366, 1.01683, 0.00106682, 0.00161381
-0.0411584, 0.815948, 0.00105089, 0.00151863
-0.0534249, 0.654563, 0.00103627, 0.00143051
-1.97839, 0.502183, 0.00116652, 0.00133389
-1.74917, 2.1415, 0.00116489, 0.00124518
-2.6924, 2.19649, 0.00105194, 0.00117014
-3.39123, 0.498672, 0.00107537, 0.00115569
-2.13108, -0.517647, 0.00107251, 0.00114116
-2.01689, -0.279511, 0.00105791, 0.00112553
-1.83584, 0.355116, 0.00110401, 0.00111028
-0.00725963, 0.628918, -0.00251804, 0.00383735
0.0863336, 0.570444, -0.00213159, 0.0037653
0.0853621, 0.516966, -0.00185731, 0.00364833
0.0843757, 0.482324, -0.00183402, 0.00349996
0.082939, 0.447587, -0.00165932, 0.00333277
0.0715114, 0.436014, -0.00123014, 0.00315658
-2.64644, 0.431978, -0.000675189, 0.00116727
-2.3937, -0.50414, -0.000519917, 0.00228259
-2.33545, 1.55214, -8.8418e-05, 0.00299859
-1.23522, 3.02737, 0.00071468, 0.00265537
0.0944762, 1.33349, 0.00176648, 0.00286154
0.0812253, 1.22166, 0.00216781, 0.0028606
0.0694618, 1.09205, 0.00218343, 0.0028498
0.0616638, 0.982562, 0.00213651, 0.00283531
0.0602517, 0.855561, 0.00215763, 0.00281641
0.0603095, 0.756953, 0.00218573, 0.00280699
0.059719, 0.656147, 0.00220593, 0.00280525
0.0591612, 0.562594, 0.00221928, 0.00277379
0.0586027, 0.467109, 0.0022253, 0.00271607
0.0580167, 0.387832, 0.0022248, 0.00263905
0.0660862, 0.309743, 0.0022464, 0.00254981
0.0505856, 0.250723, 0.00222191, 0.00246869
0.0505834, 0.195898, 0.00221337, 0.00239299
0.0916724, 0.146251, 0.00225356, 0.00232618
0.0916743, 0.121036, 0.00225271, 0.00227494
-0.879179, 0.0510785, 0.00194797, 0.0022301
-0.31429, 0.118798, 0.00188906, 0.0021986
-0.124187, 0.126046, 0.00187969, 0.00217944
-0.00279706, 0.126046, 0.00187982, 0.00217907
-0.0119839, 0.105398, 0.00182713, 0.00217637
-0.0406705, 0.101057, 0.00184138, 0.0021167
-0.040375, 0.0957023, 0.0017962, 0.00204501
-0.040362, 0.0779506, 0.00179386, 0.00198147
0.010879, 0.0572253, 0.00185511, 0.00192453
-0.000123573, 0.0384878, 0.00185121, 0.00187292
-0.040515, -0.0403759, 0.00179753, 0.00181748
-0.0401756, -0.0400299, 0.00175151, 0.0017702
-0.0397953, -0.0396486, 0.00170434, 0.00172208
-0.0394162, -0.0392728, 0.00165899, 0.00167617
-0.0390754, -0.038937, 0.00161807, 0.00163498
-0.0387474, -0.0386149, 0.00157751, 0.00159434
-0.0384081, -0.038282, 0.00153357, 0.00155045
-0.0381097, -0.0379896, 0.00149281, 0.00150981
-0.337297, -0.0378021, 0.00138914, 0.00146543
-0.337332, 0.213891, -0.00341689, 0.00112103
-0.217966, 0.20425, -0.00347247, 0.000715703
-0.223755, 0.193644, -0.00344884, 0.000305537
-0.17379, 0.251523, -0.00347302, -0.000146075
-0.282439, 0.209071, -0.00341526, -0.000605556
-0.214739, 0.205343, -0.00347235, -0.00103681
-0.235504, 0.19153, -0.00343645, -0.0015132
-0.25208, 0.126207, -0.00347253, -0.0019597
-0.273976, 0.0870216, -0.00337882, -0.00241745
-0.29091, 0.148425, -0.00345657, -0.00287758
-0.25661, 0.176784, -0.00346319, -0.00322505
0.09795, 0.12473, -0.00337919, -0.00320156
0.0986994, 0.108327, -0.00321331, -0.00315481
-0.942793, 0.111454, -0.00308515, -0.00230481
-0.48286, 0.161322, -0.00294797, -0.00065781
-0.444406, 0.169256, -0.00280302, -0.000402843
-0.397477, 0.174989, -0.00267277, -0.000169314
-0.34104, 0.163168, -0.00253541, -0.000110701
-0.190559, 0.152787, -0.00235563, -0.000107247
-0.175514, 0.155545, -0.00211167, -0.000129633
-0.180074, 0.150843, -0.00186857, -9.18748e-05
-0.174543, 0.155999, -0.00160641, -0.000129462
-0.17797, 0.152742, -0.00134611, -0.000107446
-0.173522, 0.156036, -0.00110772, -0.000129837
-0.172102, 0.157764, -0.000890126, -0.000110377
-0.174519, 0.152458, -0.000634997, -0.000122671
-0.179285, 0.139433, -0.000381386, -9.17949e-05
-0.167435, 0.146096, -0.000149085, -0.000122692
-0.150537, -0.150527, -0.000308954, -0.000231266
-0.150593, -0.150551, -0.000495922, -0.000417925
-0.150775, -0.150686, -0.000683729, -0.000605365
-0.151056, -0.150928, -0.0008725, -0.000793721
-0.151379, -0.151226, -0.00104648, -0.00096728
-0.151811, -0.151641, -0.00125332, -0.0011736
-0.152188, -0.152018, -0.00142941, -0.00134925
-0.15257, -0.152417, -0.00162264, -0.00154199
-0.153072, 0.251948, -0.00257966, -0.000457327
-0.153075, 0.251946, -0.00256908, -0.000173575
-0.153076, 0.251944, -0.00260187, 0.000133973
-0.152967, 0.251947, -0.00260672, 0.000414225
-0.152573, 0.251946, -0.00256908, 0.000630137
0.0953514, 0.251941, -0.00252555, 0.000736489
0.0953608, 0.251944, -0.00222851, 0.000842764
0.0953705, 0.251925, -0.00193282, 0.00094898
0.0953705, 0.251717, -0.0016655, 0.0010455
0.0953805, 0.251324, -0.0013733, 0.00115161
0.0953422, 0.250856, -0.00108317, 0.00125767
0.0953514, 0.250391, -0.00079513, 0.00136364
0.0953705, 0.249959, -0.000483215, 0.00147911
0.0953422, 0.249658, -0.000173575, 0.00159437
0.0953608, 0.249558, 0.000261549, 0.00175714
-0.138346, 0.249569, 0.000541124, 0.00181351
-0.138637, 0.0965565, 0.000668821, 0.00179984
-0.138786, 0.0965561, 0.000775142, 0.00178616
-0.1388, 0.0965554, 0.000891051, 0.00180485
-0.13872, 0.0965565, 0.00100689, 0.00179984
-0.138734, 0.0965561, 0.00111303, 0.00178616
-0.138734, 0.0965561, 0.00120947, 0.00178616
-0.138573, 0.0965552, 0.00131548, 0.00179532
-0.13847, 0.0965554, 0.00142139, 0.00180485
